ID,air_time1,gmrt_in_air1,max_x_extension1,gender
id_1,5160,120.8041741,957,M
id_2,,,,
id_3,2600,229.9339973,2333,M
id_4,2130,369.4033417,1756,F
id_5,,257.997131,987,F
id_6,1920,199.7649568,1548,F
id_7,6415,276.5146013,,F
id_8,1510,284.0156545,,F
id_9,4860,236.8763124,,M
id_10,6265,381.9288721,5568,
